{
  "ar": {
    "langToggle": "العربية / English",
    "hero.title": "أمهر الخياطين في منطقتك. موثوقين وبالأسعار",
    "hero.subtitle": "تصفح أعمالهم، اعرف الأسعار، واحجز معادك في دقائق",
    "hero.search.placeholder": "ابحث عن خياط قريب منك...",
    "hero.search.button": "ابحث",
    "hero.search.express": "خدمة عاجلة",
    "hero.search.sameDay": "اليوم/غدًا",
    "hero.search.range": "نطاق: 5 كم",
    "hero.search.useLocation": "أو استخدم موقعي الحالي",
    "nav.home": "الرئيسية",
    "nav.howItWorks": "كيف تعمل المنصة",
    "nav.tailors": "الخياطين",
    "nav.contact": "تواصل معنا",
    "nav.login": "تسجيل دخول",
    "nav.joinTailor": "انضم كخياط",
    "nav.menu.open": "فتح القائمة",
    "trust.tailors": "خياط موثق",
    "trust.orders": "طلب مكتمل",
    "trust.cities": "نخدم القاهرة، الجيزة، والإسكندرية",
    "trust.cities.count": "3 مدن",
    "section.why": "لماذا تفصيلك؟",
    "value.price.title": "أسعار شفافة",
    "value.price.desc": "اعرف تكلفة الخدمة قبل ما تحجز",
    "value.quality.title": "جودة موثوقة",
    "value.quality.desc": "شوف صور شغلهم وتقييمات عملاء حقيقيين",
    "value.location.title": "خياطين في كل مكان",
    "value.location.desc": "اكتشف أمهر الخياطين في منطقتك بسهولة",
    "how.title": "كيف تعمل المنصة؟",
    "how.subtitle": "خطوات بسيطة للحصول على أفضل خدمات الخياطة",
    "how.step1.title": "ابحث",
    "how.step1.desc": "حدد منطقتك ونوع الخدمة اللي محتاجها",
    "how.step2.title": "قارن واحجز",
    "how.step2.desc": "شوف صور الشغل، الأسعار، والتقييمات، واحجز معادك",
    "how.step3.title": "استلم",
    "how.step3.desc": "تابع طلبك واستلم في الميعاد المتفق عليه",
    "tailors.featured.title": "تعرف على أمهر الخياطين في منطقتك",
    "recruit.join.title": "انضم لشبكة تفصيلك. كّبر شغلك ووصل لعملاء أكتر",
    "recruit.cta": "سجل ورشتك الآن",
    "categories.title": "الخدمات الشائعة",
    "categories.subtitle": "اختر من بين خدماتنا المتعددة التي نقدمها بأعلى جودة وأفضل الأسعار",
    "category.alter": "تعديل ملابس",
    "category.alter.desc": "تصليح جميع أنواع الملابس",
    "category.dress": "تفصيل فساتين",
    "category.dress.desc": "تعديل وتفصيل فساتين السهرة",
    "category.suit": "بدل رجالي",
    "category.suit.desc": "تفصيل بدلة بكافة المقاسات",
    "category.kids": "ملابس أطفال",
    "category.kids.desc": "تفصيل ملابس الأطفال",
    "category.repair": "تصليح",
    "category.repair.desc": "إصلاح وصيانة الملابس",
    "persona.student.title": "أناقة على قد الميزانية",
    "persona.student.desc": "أسعار تبدأ من 150 جنيه. اكتشف عروض خاصة للطلاب وباقات التعديلات",
    "persona.student.cta": "اعرف أكتر عن عروض الطلاب",
    "persona.prof.title": "الجودة والالتزام أهم حاجة",
    "persona.prof.desc": "خياطين بخبرة عالية لملابسك الرسمية. اختار خدمة التوصيل أو الحجز السريع لإنقاذ الموقف",
    "persona.prof.cta": "تصفح الخياطين المميزين",
    "footer.about.title": "من نحن",
    "footer.about.link1": "عن تفصيلك",
    "footer.about.link2": "كيف تعمل المنصة",
    "footer.about.link3": "الأسئلة الشائعة",
    "footer.clients.title": "للعملاء",
    "footer.clients.link1": "الأسئلة الشائعة",
    "footer.clients.link2": "كيف تعمل المنصة",
    "footer.clients.link3": "خدمة العملاء",
    "footer.tailors.title": "للخياطين",
    "footer.tailors.link1": "انضم إلينا",
    "footer.tailors.link2": "أسئلة الخياطين الشائعة",
    "footer.tailors.link3": "مركز المساعدة",
    "footer.legal.title": "قانوني",
    "footer.legal.link1": "شروط الخدمة",
    "footer.legal.link2": "سياسة الخصوصية",
    "footer.legal.link3": "تواصل معنا",
    "footer.rights": "© 2025 تفصيلك. جميع الحقوق محفوظة",
    "toast.searching": "جاري البحث...",
    "toast.location.success": "تم تحديد موقعك بنجاح",
    "toast.location.fail": "فشل في تحديد الموقع",
    "toast.location.permission": "يرجى السماح بالوصول لموقعك",
    "toast.location.unavailable": "معلومات الموقع غير متاحة",
    "toast.location.timeout": "انتهت مهلة تحديد الموقع",
    "toast.language.ar": "تم تغيير اللغة إلى العربية",
    "toast.language.en": "Language switched to English",
    "hero.video.label": "خلفية توضيحية لورش وخدمات الخياطة",
    "hero.video.fallback": "تفصيلك – اكتشف أمهر الخياطين بسهولة",
    "hero.search.label": "البحث عن خياط",
    "tailor.image.alt": "خياط محترف",
    "tailor.verified": "موثق",
    "tailor.reviews": "تقييم",
    "tailor.view.profile": "عرض الملف الشخصي",
    "persona.student.image.alt": "طالبة أنيقة",
    "persona.prof.image.alt": "رجل أعمال أنيق",
    "recruit.benefit.percent": "+50% عملاء أكثر",
    "recruit.benefit.management": "إدارة سهلة للمواعيد",
    "recruit.benefit.portfolio": "ملف أعمال احترافي",
    "social.facebook": "فيسبوك",
    "social.instagram": "إنستغرام",
    "social.twitter": "تويتر",
    "tailor.name.mohamed": "أستاذ محمد أحمد",
    "tailor.name.fatma": "أستاذة فاطمة علي",
    "tailor.name.ahmed": "أستاذ أحمد حسن",
    "tailor.specialty.evening": "فساتين سهرة",
    "tailor.specialty.suits": "بدل رجالي",
    "tailor.specialty.alterations": "تعديل ملابس",
    "tailor.location.heliopolis": "مصر الجديدة",
    "tailor.location.maadi": "المعادي",
    "tailor.location.zamalek": "الزمالك",
    "hero.badge": "الأكثر طلباً في مصر",
    "trust.rating": "تقييم العملاء",
    "hero.search.header": "ابحث عن خياط قريب منك",
    "hero.search.hint": "خدمة مجانية وسريعة",
    "hero.search.location.label": "المنطقة",
    "hero.search.service.label": "نوع الخدمة",
    "hero.search.all": "جميع الخدمات",
    "hero.search.now": "ابحث الآن",
    "hero.search.discount": "عروض خاصة",
    "trust.quality.guarantee": "ضمان الجودة 100%",
    "trust.refund": "استرجاع خلال 7 أيام",
    "trust.support": "دعم فوري 24/7",
    "hero.video.seeHow": "شاهد كيف نعمل",
    "hero.card.delivery": "توصيل خلال 24 ساعة",
    "hero.card.simpleEdits": "لطلبات التعديلات البسيطة",
    "hero.card.fromPrice": "من 50 جنيه",
    "hero.card.satisfaction": "عملاء راضون",
    "hero.scroll.more": "اكتشف المزيد"
  },
  "en": {
    "langToggle": "العربية / English",
    "hero.title": "Top tailors near you. Trusted & fairly priced",
    "hero.subtitle": "Browse their work, see prices, and book in minutes",
    "hero.search.placeholder": "Search for a tailor near you...",
    "hero.search.button": "Search",
    "hero.search.express": "Express Service",
    "hero.search.sameDay": "Today/Tomorrow",
    "hero.search.range": "Range: 5 km",
    "hero.search.useLocation": "Or use my current location",
    "nav.home": "Home",
    "nav.howItWorks": "How It Works",
    "nav.tailors": "Tailors",
    "nav.contact": "Contact",
    "nav.login": "Login",
    "nav.joinTailor": "Join as Tailor",
    "nav.menu.open": "Open menu",
    "trust.tailors": "Verified tailors",
    "trust.orders": "Completed orders",
    "trust.cities": "Serving Cairo, Giza & Alexandria",
    "trust.cities.count": "3 cities",
    "section.why": "Why Tafsilk?",
    "value.price.title": "Transparent Pricing",
    "value.price.desc": "Know the service cost before you book",
    "value.quality.title": "Trusted Quality",
    "value.quality.desc": "See real photos and authentic reviews",
    "value.location.title": "Tailors Everywhere",
    "value.location.desc": "Discover skilled tailors around you easily",
    "how.title": "How It Works",
    "how.subtitle": "Simple steps to get tailoring done right",
    "how.step1.title": "Search",
    "how.step1.desc": "Set your area and needed service",
    "how.step2.title": "Compare & Book",
    "how.step2.desc": "Check photos, prices, reviews and book",
    "how.step3.title": "Receive",
    "how.step3.desc": "Track your request and receive on time",
    "tailors.featured.title": "Meet the top tailors near you",
    "recruit.join.title": "Join Tafsilk. Grow your workshop & reach more clients",
    "recruit.cta": "Register Your Workshop",
    "categories.title": "Popular Services",
    "categories.subtitle": "Choose from our multiple services offered with highest quality and best prices",
    "category.alter": "Alterations",
    "category.alter.desc": "Fix all types of clothing",
    "category.dress": "Dressmaking",
    "category.dress.desc": "Alter and tailor evening dresses",
    "category.suit": "Men's Suits",
    "category.suit.desc": "Tailor suits in all sizes",
    "category.kids": "Kids Wear",
    "category.kids.desc": "Tailor children's clothing",
    "category.repair": "Repair",
    "category.repair.desc": "Repair and maintain clothing",
    "persona.student.title": "Style on a Student Budget",
    "persona.student.desc": "Prices from 150 EGP. Special student offers & alteration bundles",
    "persona.student.cta": "Learn more about student offers",
    "persona.prof.title": "Quality & Reliability First",
    "persona.prof.desc": "Experienced tailors for formal wear. Choose delivery or instant booking",
    "persona.prof.cta": "Browse featured tailors",
    "footer.about.title": "About Us",
    "footer.about.link1": "About Tafsilk",
    "footer.about.link2": "How the platform works",
    "footer.about.link3": "FAQ",
    "footer.clients.title": "For Customers",
    "footer.clients.link1": "FAQ",
    "footer.clients.link2": "How it works",
    "footer.clients.link3": "Support",
    "footer.tailors.title": "For Tailors",
    "footer.tailors.link1": "Join Us",
    "footer.tailors.link2": "Tailor FAQ",
    "footer.tailors.link3": "Help Center",
    "footer.legal.title": "Legal",
    "footer.legal.link1": "Terms of Service",
    "footer.legal.link2": "Privacy Policy",
    "footer.legal.link3": "Contact Us",
    "footer.rights": "© 2025 Tafsilk. All rights reserved",
    "toast.searching": "Searching...",
    "toast.location.success": "Location detected successfully",
    "toast.location.fail": "Failed to detect location",
    "toast.location.permission": "Please allow location access",
    "toast.location.unavailable": "Location information unavailable",
    "toast.location.timeout": "Location request timed out",
    "toast.language.ar": "Language switched to Arabic",
    "toast.language.en": "Language switched to English",
    "hero.video.label": "Background video showcasing tailoring workshops and services",
    "hero.video.fallback": "Tafsilk – Discover skilled tailors easily",
    "hero.search.label": "Search for tailor",
    "tailor.image.alt": "Professional tailor",
    "tailor.verified": "Verified",
    "tailor.reviews": "reviews",
    "tailor.view.profile": "View Profile",
    "persona.student.image.alt": "Stylish student",
    "persona.prof.image.alt": "Elegant businessman",
    "recruit.benefit.percent": "+50% more clients",
    "recruit.benefit.management": "Easy appointment management",
    "recruit.benefit.portfolio": "Professional portfolio",
    "social.facebook": "Facebook",
    "social.instagram": "Instagram",
    "social.twitter": "Twitter",
    "tailor.name.mohamed": "Mr. Mohamed Ahmed",
    "tailor.name.fatma": "Ms. Fatma Ali",
    "tailor.name.ahmed": "Mr. Ahmed Hassan",
    "tailor.specialty.evening": "Evening dresses",
    "tailor.specialty.suits": "Men's suits",
    "tailor.specialty.alterations": "Clothing alterations",
    "tailor.location.heliopolis": "Heliopolis",
    "tailor.location.maadi": "Maadi",
    "tailor.location.zamalek": "Zamalek",
    "hero.badge": "Most requested in Egypt",
    "trust.rating": "Customer rating",
    "hero.search.header": "Find a tailor near you",
    "hero.search.hint": "Fast and free",
    "hero.search.location.label": "Area",
    "hero.search.service.label": "Service",
    "hero.search.all": "All services",
    "hero.search.now": "Search now",
    "hero.search.discount": "Special offers",
    "trust.quality.guarantee": "100% quality guarantee",
    "trust.refund": "7-day returns",
    "trust.support": "24/7 instant support",
    "hero.video.seeHow": "See how we work",
    "hero.card.delivery": "Delivery within 24 hours",
    "hero.card.simpleEdits": "For simple alterations",
    "hero.card.fromPrice": "From 50 EGP",
    "hero.card.satisfaction": "Satisfied clients",
    "hero.scroll.more": "Discover more"
  }
}
