[
  {
    "title": "Tailor measuring client",
    "url": "https://unsplash.com/s/photos/tailor-shop",
    "source": "Unsplash"
  },
  {
    "title": "Tailor at sewing machine",
    "url": "https://unsplash.com/photos/1Wk2PiW1UIE",
    "source": "Unsplash"
  },
  {
    "title": "Workshop interior",
    "url": "https://unsplash.com/s/photos/tailor-shop",
    "source": "Unsplash"
  },
  {
    "title": "Tailor suits shop",
    "url": "https://unsplash.com/s/photos/tailor-shop",
    "source": "Unsplash"
  },
  {
    "title": "Elderly tailor",
    "url": "https://unsplash.com/photos/dSBbkJm0NdQ",
    "source": "Unsplash"
  },
  {
    "title": "Hand-sewing tailor",
    "url": "https://unsplash.com/photos/8WRvNhmwnuk",
    "source": "Unsplash"
  },
  {
    "title": "Sewing machine closeup",
    "url": "https://unsplash.com/s/photos/sewing-machine",
    "source": "Unsplash"
  },
  {
    "title": "Designer sketching",
    "url": "https://unsplash.com/photos/AetkaHejwns",
    "source": "Unsplash"
  }
]