{
  "ar": {
    "home": "الرئيسية",
    "register": "انشئ حساب",
    "tailor": "بروفايل الترّزي",
    "dashboard": "Dashboard",
    "join_now": "انضم الآن",
    "search_placeholder": "ابحث عن الترزي أو الخدمة...",
    "google_btn": "Google",
    "facebook_btn": "Facebook",
    "lang_toggle": "EN/ع"
  },
  "en": {
    "home": "Home",
    "register": "Register",
    "tailor": "Tailor profile",
    "dashboard": "Dashboard",
    "join_now": "Join now",
    "search_placeholder": "Search tailors or service...",
    "google_btn": "Google",
    "facebook_btn": "Facebook",
    "lang_toggle": "EN/ع"
  }
}